{
  "train_rmse": 132505.7802886043,
  "test_rmse": 184565.81676735592,
  "train_mae": 69376.64921956936,
  "test_mae": 91314.07934863065,
  "train_r2": 0.8647431422721074,
  "test_r2": 0.7722770123924767,
  "test_mape": 0.1601615279842668,
  "test_weighted_rmse": 337169.20031288086,
  "underpriced_count": 2800,
  "underpriced_percentage": 51.813471502590666
}