{
  "train_rmse": 143465.5103411402,
  "test_rmse": 201665.85932715138,
  "train_mae": 76230.81071009934,
  "test_mae": 102057.8827165063,
  "train_r2": 0.8414432771043568,
  "test_r2": 0.7281251105942423,
  "test_mape": 0.17903460457149897,
  "test_weighted_rmse": 366587.4864216535,
  "underpriced_count": 2753,
  "underpriced_percentage": 50.94374537379719
}